{"train_loss": 0.0, "train_acc": 1.0, "epoch": 0, "trainer/global_step": 49, "_timestamp": 1673482851.269305, "_runtime": 80.86392498016357, "_step": 1, "_wandb": {"runtime": 124}}